,R&D Spend,Administration,Marketing Spend,State,Profit,Total Spend
0,165349.2,136897.8,471784.1,New York,192261.83,774031.1
1,162597.7,151377.59,443898.53,California,191792.06,757873.8200000001
2,153441.51,101145.55,407934.54,Florida,191050.39,662521.6
3,144372.41,118671.85,383199.62,New York,182901.99,646243.88
4,142107.34,91391.77,366168.42,Florida,166187.94,599667.53
5,131876.9,99814.71,362861.36,New York,156991.12,594552.97
6,134615.46,147198.87,127716.82,California,156122.51,409531.14999999997
7,130298.13,145530.06,323876.68,Florida,155752.6,599704.87
8,120542.52,148718.95,311613.29,New York,152211.77,580874.76
9,123334.88,108679.17,304981.62,California,149759.96,536995.6699999999
10,101913.08,110594.11,229160.95,Florida,146121.95,441668.14
11,100671.96,91790.61,249744.55,California,144259.4,442207.12
12,93863.75,127320.38,249839.44,Florida,141585.52,471023.57
13,91992.39,135495.07,252664.93,California,134307.35,480152.39
14,119943.24,156547.42,256512.92,Florida,132602.65,533003.5800000001
15,114523.61,122616.84,261776.23,New York,129917.04,498916.68000000005
16,78013.11,121597.55,264346.06,California,126992.93,463956.72
17,94657.16,145077.58,282574.31,New York,125370.37,522309.05
18,91749.16,114175.79,294919.57,Florida,124266.9,500844.52
19,86419.7,153514.11,0.0,New York,122776.86,239933.81
20,76253.86,113867.3,298664.47,California,118474.03,488785.63
21,78389.47,153773.43,299737.29,New York,111313.02,531900.19
22,73994.56,122782.75,303319.26,Florida,110352.25,500096.57
23,67532.53,105751.03,304768.73,Florida,108733.99,478052.29
24,77044.01,99281.34,140574.81,New York,108552.04,316900.16
25,64664.71,139553.16,137962.62,California,107404.34,342180.49
26,75328.87,144135.98,134050.07,Florida,105733.54,353514.92000000004
27,72107.6,127864.55,353183.81,New York,105008.31,553155.96
28,66051.52,182645.56,118148.2,Florida,103282.38,366845.28
29,65605.48,153032.06,107138.38,New York,101004.64,325775.92
30,61994.48,115641.28,91131.24,Florida,99937.59,268767.0
31,61136.38,152701.92,88218.23,New York,97483.56,302056.53
32,63408.86,129219.61,46085.25,California,97427.84,238713.72
33,55493.95,103057.49,214634.81,Florida,96778.92,373186.25
34,46426.07,157693.92,210797.67,California,96712.8,414917.66000000003
35,46014.02,85047.44,205517.64,New York,96479.51,336579.1
36,28663.76,127056.21,201126.82,Florida,90708.19,356846.79000000004
37,44069.95,51283.14,197029.42,California,89949.14,292382.51
38,20229.59,65947.93,185265.1,New York,81229.06,271442.62
39,38558.51,82982.09,174999.3,California,81005.76,296539.9
40,28754.33,118546.05,172795.67,California,78239.91,320096.05000000005
41,27892.92,84710.77,164470.71,Florida,77798.83,277074.4
42,23640.93,96189.63,148001.11,California,71498.49,267831.67
43,15505.73,127382.3,35534.17,New York,69758.98,178422.2
44,22177.74,154806.14,28334.72,California,65200.33,205318.6
45,1000.23,124153.04,1903.93,New York,64926.08,127057.19999999998
46,1315.46,115816.21,297114.46,Florida,49490.75,414246.13
47,0.0,135426.92,0.0,California,42559.73,135426.92
48,542.05,51743.15,0.0,New York,35673.41,52285.200000000004
49,0.0,116983.8,45173.06,California,14681.4,162156.86
50,87151.0,123327.9523,236937.1317,New York,123485.2464,447416.08400000003
51,38772.0,116183.1212,143589.7191,California,82155.48418,298544.8403
52,89939.0,123739.6968,242316.5853,Florida,125867.0108,455995.2821
53,65485.0,120128.2187,195132.5255,New York,104976.1696,380745.74419999996
54,47724.0,117505.1933,160862.6275,Florida,89803.10053,326091.8208
55,30744.0,114997.5096,128099.6711,New York,75297.23305,273841.1807
56,76381.0,121737.3896,216156.3873,California,114284.5283,414274.7769
57,143923.0,131712.2998,346478.8607,Florida,171985.0761,622114.1605
58,27280.0,114485.9303,121415.8737,New York,72337.96774,263181.804
59,141092.0,131294.2049,341016.4385,California,169566.5772,613402.6434
60,128338.0,129410.636,316407.5606,Florida,158670.9451,574156.1966
61,76660.0,121778.5936,216694.7185,California,114522.8756,415133.3121
62,43088.0,116820.5277,151917.4528,Florida,85842.60573,311825.9805
63,60955.0,119459.2077,186391.8781,California,101106.2297,366806.0858
64,12052.0,112236.9898,92033.40609,Florida,59328.818739999995,216322.39588999999
65,126549.0,129146.4284,312955.6803,New York,157142.6178,568651.1087
66,22986.0,113851.7728,113130.5889,California,68669.64059,249968.3617
67,150633.0,132703.2632,359425.82399999996,New York,177717.3712,642762.0872
68,53116.0,118301.5084,171266.5062,Florida,94409.4396,342684.0146
69,157923.0,133779.8836,373491.8989,New York,183945.1553,665194.7825
70,39157.0,116239.9797,144332.5776,California,82484.38635,299729.5573
71,111768.0,126963.50300000001,284435.7004,New York,144515.3371,523167.2034
72,65903.0,120189.9508,195939.0576,Florida,105333.2634,382032.0084
73,85800.0,123128.4304,234330.3735,Florida,122331.0988,443258.8039
74,139796.0,131102.8057,338515.8029,New York,168459.4156,609414.6086
75,13947.0,112516.8521,95689.81377000001,California,60947.70089,222153.66587000003
76,133094.0,130113.0238,325584.2756,Florida,162733.9549,588791.2993999999
77,155148.0,133370.059,368137.5289,New York,181574.4968,656655.5878999999
78,28731.0,114700.2205,124215.5821,Florida,73577.54452000001,267646.8026
79,41847.0,116637.2512,149522.94,New York,84782.43014,308007.1912
80,140277.0,131173.8419,339443.8938,Florida,168870.3298,610894.7357000001
81,27595.0,114532.4509,122023.66699999999,New York,72607.06952,264151.11789999995
82,9078.0,111797.776,86295.06497,California,56788.15621,207170.84097000002
83,21586.0,113645.0144,110429.2851,Florida,67473.63267,245660.29949999996
84,4330.0,111096.5697,77133.786,California,52731.98078,192560.3557
85,106761.0,126224.0464,274774.6802,New York,140237.9002,507759.7266
86,137618.0,130781.1487,334313.346,Florida,166598.769,602712.4947
87,63161.0,119784.9998,190648.3612,California,102990.7964,373594.36100000003
88,34384.0,115535.0813,135123.0611,New York,78406.85364,285042.1424
89,73431.0,121301.7202,210464.3542,California,111764.3688,405197.0744
90,17125.0,112986.1936,101821.7734,California,63662.63887,231932.967
91,109497.0,126628.1113,280053.7997,Florida,142575.2414,516178.91099999996
92,78366.0,122030.5434,219986.4502,California,115980.2967,420382.9936
93,98190.0,124958.2421,258236.9123,New York,132915.7689,481385.1544
94,125158.0,128940.9992,310271.74199999997,California,155954.2985,564370.7412
95,138570.0,130921.7444,336150.2326,New York,167412.0544,605641.977
96,46445.0,117316.3048,158394.7935,Florida,88710.46186,322156.09829999995
97,134739.0,130355.9649,328758.3076,California,164139.2642,593853.2725
98,96620.0,124726.3773,255207.593,New York,131574.5314,476553.9703
99,140797.0,131250.6379,340447.2352,California,169314.5613,612494.8731
100,44017.0,116957.7267,153709.9609,New York,86636.24242000001,314684.6876
101,150342.0,132660.28699999998,358864.3387,California,177468.7724,641866.6257
102,127529.0,129291.1592,314846.5929,Florida,157979.8234,571666.7520999999
103,9261.0,111824.8023,86648.16397000001,New York,56944.49152999999,207733.96627
104,57905.0,119008.7698,180506.8948,Florida,98500.64098,357420.6646
105,44699.0,117058.4475,155025.8817,New York,87218.86912999999,316783.32920000004
106,151853.0,132883.4384,361779.8174,California,178759.6067,646516.2557999999
107,61613.0,119556.3841,187661.4909,Florida,101668.3534,368830.875
108,120275.0,128219.8555,300849.9801,New York,151782.7938,549344.8356
109,23224.0,113886.9217,113589.8106,California,68872.96194,250700.7323
110,105331.0,126012.8575,272015.4913,Florida,139016.2635,503359.3488
111,23501.0,113927.8303,114124.2829,California,69109.60065,251553.11320000002
112,7092.0,111504.4745,82463.07255,Florida,55091.53354,201059.54705
113,102136.0,125541.0053,265850.7301,California,136286.8026,493527.7354
114,85772.0,123124.2953,234276.3474,Florida,122307.1786,443172.64269999997
115,123288.0,128664.829,306663.5719,New York,154356.7737,558616.4009
116,76992.0,121827.6249,217335.3134,California,114806.5004,416154.93830000004
117,7715.0,111596.4819,83665.15275,New York,55623.75707000001,202976.63465
118,29104.0,114755.3069,124935.2867,Florida,73896.1952,268794.5936
119,144996.0,131870.7654,348549.2171,New York,172901.7308,625415.9825
120,94169.0,124364.4025,250478.3818,California,129480.6633,469011.7843
121,78261.0,122015.0366,219783.8524,New York,115890.5961,420059.88899999997
122,140902.0,131266.1448,340649.833,Florida,169404.2619,612817.9778
123,131845.0,129928.5658,323174.3267,Florida,161666.9449,584947.8925
124,1269.0,110644.5073,71227.57814,New York,50116.994889999994,183141.08544
125,43990.0,116953.7392,153657.8643,California,86613.17655,314601.60349999997
126,49875.0,117822.8628,165012.9879,Florida,91640.68127,332710.8507
127,105070.0,125974.3118,271511.8911,New York,138793.2935,502556.20290000003
128,93591.0,124279.0408,249363.1293,Florida,128986.8828,467233.1701
129,73077.0,121249.4398,209781.3102,New York,111461.9497,404107.75
130,94548.0,124420.3749,251209.6634,Florida,129804.4397,470178.0383
131,151956.0,132898.6499,361978.5561,New York,178847.5987,646833.206
132,60864.0,119445.7684,186216.2934,California,101028.4891,366526.0618
133,102790.0,125637.591,267112.6249,Florida,136845.5092,495540.2159
134,53315.0,118330.8977,171650.4773,California,94579.44357999999,343296.375
135,116723.0,127695.2799,293996.3864,New York,148748.3508,538414.6663
136,49288.0,117736.1719,163880.3698,Florida,91139.21222999999,330904.5417
137,145513.0,131947.1183,349546.77,California,173343.3994,627006.8883
138,148513.0,132390.1719,355335.2782,New York,175906.2735,636238.4501
139,74741.0,121495.1869,212992.0028,California,112883.4905,409228.1897
140,104234.0,125850.8475,269898.8268,California,138079.1059,499983.67429999996
141,34715.0,115583.9649,135761.7265,Florida,78689.62408,286060.6914
142,107457.0,126326.8348,276117.6141,California,140832.487,509901.4489
143,156016.0,133498.2492,369812.3372,New York,182316.0217,659326.5863999999
144,93879.0,124321.5739,249918.826,California,129232.9188,468119.3999
145,121139.0,128347.4549,302517.0705,New York,152520.9015,552003.5253999999
146,99283.0,125119.6613,260345.8588,Florida,133849.5093,484748.52009999997
147,140934.0,131270.8707,340711.57700000005,California,169431.5992,612916.4477
148,70585.0,120881.4099,204972.9894,New York,109333.0556,396439.3993
149,84834.0,122985.7671,232466.4738,California,121505.8533,440286.2409
150,70098.0,120809.4875,204033.3216,New York,108917.0157,394940.80909999995
151,140809.0,131252.4101,340470.3892,California,169324.8128,612531.7993
152,131560.0,129886.4757,322624.4184,Florida,161423.4719,584070.8941
153,143330.0,131624.7229,345334.6656,New York,171478.4813,620289.3885
154,103756.0,125780.2543,268976.5245,Florida,137670.7546,498512.7788
155,66195.0,120233.0747,196502.4724,New York,105582.7164,382930.54709999997
156,108206.0,126437.4506,277562.8117,California,141472.3512,512206.2623
157,141099.0,131295.2386,341029.945,Florida,169572.5573,613424.1836000001
158,91258.0,123934.4927,244861.5994,New York,126993.8211,460054.0921
159,82771.0,122681.0939,228485.9097,California,119743.4502,433938.0036
160,63354.0,119813.5029,191020.7552,Florida,103155.6747,374188.25810000004
161,43639.0,116901.9019,152980.6088,California,86313.32028,313521.5107
162,66303.0,120249.0247,196710.8587,Florida,105674.9799,383262.88340000005
163,120844.0,128303.888,301947.8672,California,152268.8856,551095.7552
164,61968.0,119608.8121,188346.4644,Florida,101971.6268,369923.2765
165,137388.0,130747.1813,333869.5604,New York,166402.282,602004.7417
166,41818.0,116632.9683,149466.9844,California,84757.65569,307917.9527
167,109162.0,126578.63699999999,279407.4163,New York,142289.0538,515148.05329999997
168,124648.0,128865.68,309287.6956,Florida,155518.6099,562801.3755999999
169,150584.0,132696.0267,359331.2784,New York,177675.5109,642611.3051
170,72698.0,121193.4674,209050.0287,California,111138.1732,402941.4961
171,109398.0,126613.4906,279862.7789,New York,142490.6665,515874.2695
172,19644.0,113358.211,106682.1908,Florida,65814.59882999999,239684.4018
173,46632.0,117343.9218,158755.6105,Florida,88870.21435,322731.5323
174,89242.0,123636.7607,240971.7219,New York,125271.5697,453850.4826
175,133947.0,130238.9987,327230.1415,California,163462.6654,591416.1402
176,123502.0,128696.4335,307076.4854,Florida,154539.592,559274.9188999999
177,119535.0,128110.5689,299422.1481,New York,151150.6182,547067.717
178,151311.0,132803.3933,360734.0269,Florida,178296.5808,644848.4202
179,67153.0,120374.5565,198350.9361,New York,106401.1276,385878.4926
180,32321.0,115230.4081,131142.4969,Florida,76644.45053999999,278693.905
181,71633.0,121036.1833,206995.1083,New York,110228.3529,399664.2916
182,86080.0,123169.7821,234870.6342,California,122570.3004,444120.41630000004
183,6055.0,111351.3256,80462.17821,Florida,54205.633389999995,197868.50381
184,29050.0,114747.3319,124831.0935,California,73850.06347000001,268628.4254
185,79974.0,122268.0202,223089.0906,New York,117353.9972,425331.1108
186,17303.0,113012.4814,102165.2249,Florida,63814.70273,232480.70630000002
187,21265.0,113597.6077,109809.9147,California,67199.40514,244672.5224
188,154934.0,133338.4545,367724.6153,New York,181391.6784,655997.0697999999
189,155120.0,133365.9238,368083.5028,California,181550.5766,656569.4266
190,126307.0,129110.6887,312488.7406,California,156935.8793,567906.4293
191,155154.0,133370.9451,368149.1059,Florida,181579.6225,656674.051
192,53078.0,118295.8964,171193.1851,California,94376.97653,342567.0815
193,31835.0,115158.6334,130204.7586,New York,76229.26494,277198.392
194,47467.0,117467.2384,160366.7453,California,89583.54765,325300.9837
195,149605.0,132551.4435,357442.2952,New York,176839.1597,639598.7387
196,75555.0,121615.4022,214562.61800000002,Florida,113578.8837,411733.0202
197,29784.0,114855.7324,126247.3485,California,74477.11333,270887.08089999994
198,46373.0,117305.6715,158255.8693,New York,88648.95289,321934.54079999996
199,52714.0,118242.1392,170490.8461,California,94066.01447000001,341446.9853
200,114529.0,127371.26,289763.0574,California,146874.0356,531663.3174
201,134049.0,130254.0625,327426.9507,Florida,163549.8031,591730.0131999999
202,105163.0,125988.0465,271691.3349,New York,138872.7426,502842.3814
203,84807.0,122981.7797,232414.3773,Florida,121482.7874,440203.157
204,47480.0,117469.1583,160391.8288,New York,89594.65342999999,325340.9871
205,52985.0,118282.1617,171013.7414,California,94297.52743,342280.9031
206,129319.0,129555.5146,318300.4028,Florida,159509.0049,577174.9173999999
207,37618.0,116012.6932,141363.0729,New York,81169.63192999999,294993.7661
208,80380.0,122327.9801,223872.4687,California,117700.8395,426580.4488
209,14469.0,112593.9434,96697.01419,Florida,61393.64099,223759.95759
210,141203.0,131310.5978,341230.6133,California,169661.4036,613744.2111
211,143533.0,131654.7029,345726.3546,Florida,171651.9025,620914.0575000001
212,92746.0,124154.2473,247732.6995,California,128265.0066,464632.9468
213,30713.0,114992.9313,128039.8566,Florida,75270.75002,273745.7879
214,70966.0,120937.6777,205708.13,New York,109658.5406,397611.8077
215,113478.0,127216.0435,287735.1501,California,145976.1753,528429.1936
216,5107.0,111211.3206,78633.00963,New York,53395.76517,194951.33023000002
217,111210.0,126881.095,283359.0379,Florida,144038.6425,521450.13289999997
218,6166.0,111367.7186,80676.35302000001,New York,54300.459729999995,198210.07162
219,10758.0,112045.886,89536.62956,California,58223.365710000005,212340.51556
220,19870.0,113391.5877,107118.2584,New York,66007.66868,240379.84610000002
221,84817.0,122983.2565,232433.6723,Florida,121491.3304,440233.9288
222,47856.0,117524.6877,161117.3219,Florida,89915.86699,326498.0096
223,155761.0,133460.5896,369320.314,New York,182098.1774,658541.9036000001
224,22390.0,113763.7528,111980.6053,California,68160.48294,248134.3581
225,102474.0,125590.9227,266502.902,Florida,136575.5531,494567.8247
226,73031.0,121242.6463,209692.5531,New York,111422.6523,403966.1994
227,108606.0,126496.5244,278334.6128,Florida,141814.0678,513437.1372
228,43074.0,116818.4601,151890.4398,New York,85830.64565,311782.89989999996
229,85328.0,123058.7233,233419.6482,Florida,121927.8732,441806.3715
230,55700.0,118683.1253,176252.3413,New York,96616.9285,350635.46660000004
231,48759.0,117658.0468,162859.6628,California,90687.2921,329276.7096
232,124538.0,128849.4347,309075.4503,Florida,155424.6379,562462.885
233,86530.0,123236.2402,235738.9105,California,122954.7315,445505.1507
234,75098.0,121547.9103,213680.8353,New York,113188.4725,410326.7456
235,134440.0,130311.8072,328181.3863,Florida,163883.8311,592933.1935
236,23354.0,113906.1207,113840.646,California,68984.01982,251100.76669999998
237,58848.0,119148.0363,182326.4159,New York,99306.23774,360322.4522
238,3854.0,111026.2719,76215.3427,California,52325.33808,191095.6146
239,11310.0,112127.4079,90601.71506,California,58694.93455,214039.12296
240,36517.0,115850.0925,139238.6904,Florida,80229.05713,291605.7829
241,65189.0,120084.5041,194561.3927,California,104723.2993,379834.8968
242,2603.0,110841.5185,73801.53478999999,New York,51256.61958,187246.05329
243,2696.0,110855.2532,73980.97854,California,51336.068680000004,187532.23174000002
244,4908.0,111181.9314,78249.03858,New York,53225.76119,194338.96998
245,18307.0,113160.7567,104102.4457,Florida,64672.411270000004,235570.2024
246,145420.0,131933.3836,349367.3263,California,173263.9503,626720.7099
247,124967.0,128912.7914,309903.2069,New York,155791.1289,563782.9983
248,81122.0,122437.5621,225304.1597,California,118334.7237,428863.72179999994
249,48147.0,117567.6639,161678.8072,New York,90164.46578,327393.47109999997
250,107504.0,126333.776,276208.3008,California,140872.6387,510046.07680000004
251,78966.0,122119.1542,221144.1518,Florida,116492.8715,422229.306
252,11572.0,112166.1013,91107.24478,New York,58918.75889,214845.34608
253,17929.0,113104.93199999999,103373.0936,Florida,64349.489129999994,234407.0256
254,135016.0,130396.8735,329292.7799,New York,164375.9029,594705.6534
255,140499.0,131206.6279,339872.2434,California,169059.9825,611577.8713
256,70972.0,120938.5638,205719.707,Florida,109663.6663,397630.2708
257,23044.0,113860.3385,113242.5001,New York,68719.18949,250146.83860000002
258,62977.0,119757.8258,190293.3327,California,102833.6068,373028.1585
259,127949.0,129353.1867,315656.9841,Florida,158338.6258,572959.1708
260,140062.0,131142.0898,339029.0507,California,168686.6571,610233.1405
261,142634.0,131521.9344,343991.7317,Florida,170883.8945,618147.6661
262,51407.0,118049.1155,167968.9861,California,92949.45565,337425.10160000005
263,71393.0,121000.739,206532.0276,Florida,110023.323,398925.7666
264,90687.0,123850.1648,243759.8533,New York,126506.0207,458297.0181
265,95482.0,124558.3123,253011.8189,California,130602.3478,473052.1312
266,79898.0,122256.7962,222942.4484,New York,117289.0711,425097.2446
267,80315.0,122318.3806,223747.051,Florida,117645.3106,426380.4316
268,116953.0,127729.2474,294440.1721,New York,148944.8378,539122.4195000001
269,77184.0,121855.9803,217705.77800000002,California,114970.5243,416745.7583
270,141804.0,131399.3563,342390.2444,New York,170174.8327,615593.6007000001
271,51183.0,118016.0342,167536.7775,Florida,92758.09438,336735.81169999996
272,109716.0,126660.4543,280476.3608,Florida,142762.3312,516852.8151
273,140198.0,131162.1749,339291.463,New York,168802.8408,610651.6379
274,8318.0,111685.5357,84828.64289,California,56138.89476,204832.17859
275,130650.0,129752.0827,320868.571,Florida,160646.0668,581270.6537
276,132796.0,130069.0138,325009.2838,New York,162479.376,587874.2975999999
277,114589.0,127380.1211,289878.8276,Florida,146925.293,531847.9487000001
278,14349.0,112576.2213,96465.47386,New York,61291.12602,223390.69516
279,74459.0,121453.5399,212447.883,Florida,112642.5803,408360.4229
280,78709.0,122081.1992,220648.2696,New York,116273.3187,421438.46880000003
281,70529.0,120873.1396,204864.9373,California,109285.2152,396267.0769
282,63481.0,119832.2588,191265.802,Florida,103264.1697,374579.0608
283,12968.0,112372.2689,93800.83059,California,60111.34964,219141.09949
284,7251.0,111527.9563,82769.86348,New York,55227.36587,201548.81978000002
285,28913.0,114727.0991,124566.7516,Florida,73733.02555,268206.8507
286,57470.0,118944.52699999999,179667.5611,California,98129.02423,356082.0881
287,39280.0,116258.1449,144569.9064,New York,82589.46419,300108.05130000005
288,140284.0,131174.8757,339457.4003,California,168876.3098,610916.276
289,65509.0,120131.7631,195178.8336,California,104996.6726,380819.5967
290,115538.0,127520.2737,291709.9257,Florida,147736.0156,534768.1994
291,155075.0,133359.27800000002,367996.6752,California,181512.1335,656430.9532000001
292,54112.0,118448.6022,173188.2909,New York,95260.31381,345748.8931
293,50269.0,117881.0505,165773.212,California,91977.27207,333923.2625
294,90441.0,123813.8344,243285.1957,New York,126295.865,457540.0301
295,146667.0,132117.5463,351773.4162,Florida,174329.2516,630557.9624999999
296,81041.0,122425.5996,225147.87,California,118265.5261,428614.4696
297,122666.0,128572.9692,305463.4212,New York,153825.4044,556702.3903999999
298,52746.0,118246.8651,170552.5902,California,94093.35179,341545.45530000003
299,139181.0,131011.9797,337329.1588,California,167934.0264,607522.1385
300,63457.0,119828.7144,191219.49399999998,Florida,103243.6667,374505.2084
301,130989.0,129802.1478,321522.6724,New York,160935.6715,582313.8202
302,67877.0,120481.4801,199747.896,Florida,107019.6345,388106.3761
303,145505.0,131945.9368,349531.334,New York,173336.5651,626982.2708
304,28236.0,114627.1167,123260.4783,California,73154.67029,266123.59500000003
305,113363.0,127199.0598,287513.2573,Florida,145877.9318,528075.3171
306,134787.0,130363.0537,328850.9238,New York,164180.2702,594000.9775
307,158727.0,133898.622,375043.2191,California,184632.0056,667668.8411
308,120520.0,128256.0382,301322.7083,Florida,151992.0952,550098.7465
309,60472.0,119387.87599999999,185459.9283,California,100693.6069,365319.80429999996
310,154106.0,133216.1717,366126.987,Florida,180684.3252,653449.1587
311,40219.0,116396.8207,146381.7095,California,83391.64379,302997.5302
312,84406.0,122922.5582,231640.6467,Florida,121140.2166,438969.2049
313,20629.0,113503.6803,108582.75099999999,New York,66656.07583,242715.4313
314,87536.0,123384.8108,237679.9902,California,123814.1486,448600.801
315,118530.0,127962.1459,297482.9979,New York,150292.0553,543975.1438
316,129325.0,129556.4007,318311.9798,Florida,159514.1307,577193.3805
317,44466.0,117024.037,154576.3076,New York,87019.81924,316066.3446
318,55907.0,118713.696,176651.7484,California,96793.76682,351272.44440000004
319,65694.0,120159.0848,195535.7916,New York,105154.7165,381388.8764
320,148622.0,132406.2696,355545.594,Florida,175999.3913,636573.8636
321,140627.0,131225.5315,340119.2197,Florida,169169.3318,611971.7512
322,156713.0,133601.1853,371157.2006,New York,182911.4628,661471.3859
323,100606.0,125315.04800000001,262898.5909,California,134979.7368,488819.6389
324,24830.0,114124.1031,116688.59199999999,Florida,70244.95388,255642.6951
325,141159.0,131304.0997,341145.7152,New York,169623.8148,613608.8149
326,101587.0,125459.9265,264791.4331,Florida,135817.7966,491838.3596
327,1215.0,110636.5323,71123.385,New York,50070.86316,182974.9173
328,13269.0,112416.722,94381.61091,Florida,60368.49134,220067.33291
329,155679.0,133448.4795,369162.0948,New York,182028.1255,658289.5743
330,50634.0,117934.9554,166477.4805,California,92289.08842,335046.43590000004
331,158637.0,133885.3304,374869.5639,Florida,184555.1194,667391.8943
332,101322.0,125420.7901,264280.1149,California,135591.4094,491022.90499999997
333,28980.0,114736.994,124696.0283,New York,73790.26307,268413.0223
334,130675.0,129755.7748,320916.8085,Florida,160667.424,581347.5833
335,84533.0,122941.3141,231885.6935,California,121248.7116,439360.0076
336,101223.0,125406.1693,264089.0941,New York,135506.8346,490718.2634
337,123282.0,128663.9429,306651.9948,California,154351.6479,558597.9377
338,79009.0,122125.5046,221227.1204,California,116529.6061,422361.625
339,109841.0,126678.9148,280717.5486,Florida,142869.1176,517237.4634
340,96021.0,124637.9143,254051.8209,California,131062.8109,474710.7352
341,136849.0,130667.5793,332829.5584,New York,165941.81900000002,600346.1377
342,144390.0,131781.2685,347379.9385,California,172384.0302,623551.2069999999
343,109658.0,126651.8885,280364.4496,New York,142712.7823,516674.3381
344,50050.0,117848.7076,165350.6509,Florida,91790.18226,333249.3585
345,60170.0,119343.2753,184877.2185,California,100435.6109,364390.49379999994
346,112043.0,127004.1162,284966.3136,New York,144750.2672,524013.4298
347,103519.0,125745.2531,268519.2324,California,137468.2876,497783.48549999995
348,132029.0,129955.7397,323529.3552,New York,161824.1346,585514.0949
349,51373.0,118044.0942,167903.383,California,92920.40974,337320.47719999996
350,69518.0,120723.8305,202914.21,Florida,108421.5267,393156.0405
351,107707.0,126363.756,276599.9898,New York,141046.0598,510670.7458
352,125384.0,128974.3759,310707.8096,Florida,156147.3684,565066.1854999999
353,156397.0,133554.517,370547.4778,New York,182641.5067,660498.9948
354,118745.0,127993.8981,297897.841,California,150475.728,544636.7391
355,36008.0,115774.9211,138256.5735,Florida,79794.22283,290039.4946
356,7959.0,111632.51699999999,84135.95141000001,New York,55832.20416,203727.46841
357,121607.0,128416.5713,303420.0778,California,152920.7099,553443.6491
358,113168.0,127170.2613,287137.0042,Florida,145711.345,527475.2655
359,92665.0,124142.2849,247576.4097,California,128195.80900000001,464383.6946
360,36840.0,115897.7946,139861.9198,Florida,80504.99325,292599.7144
361,144661.0,131821.291,347902.8337,California,172615.5432,624385.1247
362,62251.0,119650.6068,188892.5137,Florida,102213.3913,370794.1205
363,49407.0,117753.7464,164109.9806,New York,91240.87291,331270.727
364,127740.0,129322.3207,315253.718,California,158160.0789,572316.0386999999
365,6101.0,111358.1191,80550.93534,New York,54244.9308,198010.05443999998
366,142977.0,131572.5902,344653.5511,Florida,171176.9165,619203.1413
367,138529.0,130915.6893,336071.12299999996,New York,167377.0285,605515.8122999999
368,122905.0,128608.2658,305924.5723,California,154029.5801,557437.8381
369,66102.0,120219.3401,196323.0287,New York,105503.2673,382644.3688
370,18930.0,113252.7642,105304.5259,Florida,65204.63479,237487.29009999998
371,18903.0,113248.7767,105252.4293,Florida,65181.568929999994,237404.206
372,140704.0,131236.9032,340267.7914,New York,169235.1122,612208.6946
373,112110.0,127014.0111,285095.5903,California,144807.5047,524219.6014
374,143046.0,131582.7805,344786.6868,Florida,171235.8626,619415.4673
375,50864.0,117968.9228,166921.2661,New York,92485.57543,335754.1889
376,132160.0,129975.0864,323782.1201,Florida,161936.0467,585917.2065
377,68920.0,120635.5151,201760.3674,New York,107910.6604,391315.8825
378,157947.0,133783.428,373538.20700000005,Florida,183965.6583,665268.635
379,120687.0,128280.7015,301644.9353,New York,152134.7618,550612.6368
380,3372.0,110955.0879,75285.32239,California,51913.569639999994,189612.41029
381,53012.0,118286.1492,171065.8379,Florida,94320.5933,342363.9871
382,64233.0,119943.3176,192716.7881,California,103906.5968,376893.1057
383,102541.0,125600.8176,266632.1787,New York,136632.7906,494773.9963
384,27996.0,114591.6724,122797.3976,Florida,72949.64036,265385.06999999995
385,3111.0,110916.5422,74781.72217000001,California,51690.5996,188809.26437
386,66932.0,120341.9182,197924.516,New York,106212.3292,385198.4342
387,118012.0,127885.6453,296483.5154,California,149849.5324,542381.1607
388,18192.0,113143.773,103880.5529,California,64574.167760000004,235216.3259
389,83511.0,122790.3805,229913.7417,Florida,120375.6258,436215.1222
390,123767.0,128735.5699,307587.8037,California,154765.9792,560090.3736
391,44424.0,117017.8343,154495.2685,New York,86983.939,315937.1028
392,143423.0,131638.4576,345514.1093,California,171557.9304,620575.5669
393,127190.0,129241.0942,314192.4915,New York,157690.2186,570623.5856999999
394,22014.0,113708.2234,111255.1123,Florida,67839.26938,246977.3357
395,148327.0,132362.7026,354976.3907,California,175747.3753,635666.0933
396,4852.0,111173.6611,78140.98642999999,New York,53177.92087,194166.64753
397,87342.0,123356.16,237305.6667,California,123648.4161,448003.8267
398,12412.0,112290.1563,92728.02707000001,California,59636.363639999996,217430.18337
399,66380.0,120260.3964,196859.4305,Florida,105740.7603,383499.8269
400,135781.0,130509.8522,330768.8495,New York,165029.4358,597059.7017
401,154047.0,133207.4583,366013.1464,Florida,180633.922,653267.6047
402,91262.0,123935.0835,244869.3174,New York,126997.2382,460066.4009
403,143575.0,131660.9056,345807.3938,California,171687.7827,621043.2994
404,89669.0,123699.82199999999,241795.6195,Florida,125636.3521,455164.44149999996
405,3737.0,111008.9928,75989.59087999999,New York,52225.385989999995,190735.58367999998
406,12816.0,112349.8208,93507.54617999999,California,59981.49735,218673.36698
407,46750.0,117361.3485,158983.2918,Florida,88971.02072999999,323094.64029999997
408,16708.0,112924.6091,101017.1708,California,63306.39937000001,230649.77990000002
409,11277.0,112122.5343,90538.04147000001,Florida,58666.74292999999,213937.57577
410,32758.0,115294.9462,131985.6896,California,77017.77587,280038.63580000005
411,131074.0,129814.701,321686.6801,Florida,161008.2863,582575.3811
412,33729.0,115438.34800000001,133859.2368,New York,77847.29278999999,283026.5848
413,56708.0,118831.9913,178197.28,California,97478.0542,353737.2713
414,43245.0,116843.7142,152220.3848,New York,85976.72948,312309.099
415,117945.0,127875.7505,296354.2388,Florida,149792.2949,542174.9893
416,93533.0,124270.4751,249251.2181,New York,128937.3339,467054.6932
417,36345.0,115824.6907,138906.8159,California,80082.11902,291076.50659999996
418,123150.0,128644.4486,306397.3005,New York,154238.8815,558191.7491
419,146767.0,132132.3147,351966.3665,Florida,174414.6808,630865.6812
420,125425.0,128980.4309,310786.9192,Florida,156182.3943,565192.3501
421,26154.0,114319.6374,119243.2536,New York,71376.03566000001,259716.891
422,113132.0,127164.9447,287067.5421,California,145680.5905,527364.4868000001
423,159191.0,133967.1476,375938.5084,Florida,185028.3968,669096.656
424,23281.0,113895.3397,113699.7923,New York,68921.65655,250876.132
425,145038.0,131876.9681,348630.2563,Florida,172937.611,625545.2244
426,119016.0,128033.9206,298420.7362,New York,150707.2409,545470.6568
427,159570.0,134023.1201,376669.7899,Florida,185352.1732,670262.9099999999
428,66705.0,120308.3938,197486.5188,New York,106018.405,384499.91260000004
429,96720.0,124741.1458,255400.5433,California,131659.9605,476861.68909999996
430,77031.0,121833.3846,217410.56399999998,Florida,114839.8177,416274.9486
431,56584.0,118813.6785,177958.0217,California,97372.12207,353355.70019999996
432,34269.0,115518.0976,134901.1683,New York,78308.61013,284688.2659
433,43002.0,116807.8268,151751.5156,Florida,85769.13667,311561.34239999996
434,90606.0,123838.2024,243603.5636,California,126436.8231,458047.766
435,21297.0,113602.3336,109871.6588,New York,67226.74247000001,244770.99240000002
436,147448.0,132232.8879,353280.3578,California,174996.4532,632961.2457
437,11931.0,112219.12,91799.93626,California,59225.44949,215950.05625999998
438,62868.0,119741.7282,190083.0169,Florida,102740.489,372692.7451
439,107864.0,126386.9425,276902.9217,California,141180.1836,511153.8642
440,126763.0,129178.0329,313368.5938,New York,157325.4362,569309.6266999999
441,48320.0,117593.2133,162012.6111,California,90312.25819,327925.82440000004
442,132750.0,130062.2203,324920.5267,New York,162440.0786,587732.747
443,90232.0,123782.9684,242881.9296,Florida,126117.3181,456896.89800000004
444,11415.0,112142.9148,90804.31285,California,58784.63514,214362.22765000002
445,136367.0,130596.3953,331899.5381,New York,165530.0505,598862.9334
446,48599.0,117634.4173,162550.9424,California,90550.60548,328784.35970000003
447,131209.0,129834.6384,321947.163,New York,161123.6156,582990.8014
448,44805.0,117074.1021,155230.409,California,87309.42402,317109.5111
449,27745.0,114554.6036,122313.0924,Florida,72735.21323,264612.696
450,56428.0,118790.6397,177657.0193,New York,97238.85262,352875.659
451,22961.0,113848.0807,113082.3514,Florida,68648.28331,249891.43209999998
452,127002.0,129213.3295,313829.745,New York,157529.6118,570045.0745
453,42722.0,116766.4752,151211.2548,California,85529.93509,310699.73
454,36880.0,115903.70199999999,139939.0999,Florida,80539.1649,292722.80189999996
455,134020.0,130249.7797,327370.9952,New York,163525.0287,591640.7749000001
456,105406.0,126023.9338,272160.20399999997,California,139080.3354,503590.13779999997
457,135965.0,130537.0261,331123.878,Florida,165186.6254,597625.9041
458,22609.0,113796.0957,112403.1664,California,68347.57275,248808.2621
459,48592.0,117633.3835,162537.4359,Florida,90544.62544,328762.81940000004
460,45646.0,117198.3048,156853.1208,California,88027.88306000001,319697.42559999996
461,18687.0,113216.8769,104835.6567,Florida,64997.04199,236739.53360000002
462,159134.0,133958.7296,375828.5267,New York,184979.7022,668921.2563
463,25194.0,114177.8603,117390.931,California,70555.91593999999,256762.79129999998
464,49370.0,117748.2821,164038.589,New York,91209.26412,331156.8711
465,83997.0,122862.1552,230851.4801,Florida,120790.8114,437710.63529999997
466,127102.0,129228.0979,314022.6953,New York,157615.041,570352.7932
467,112617.0,127088.8871,286073.8482,California,145240.6305,525779.7353000001
468,18790.0,113232.0884,105034.3955,New York,65085.03400000001,237056.4839
469,31530.0,115113.5896,129616.2603,Florida,75968.70607,276259.84990000003
470,154761.0,133312.905,367390.8113,Florida,181243.88600000003,655464.7163
471,62322.0,119661.0924,189029.5084,New York,102274.046,371012.6008
472,138389.0,130895.0135,335800.9926,California,167257.4277,605085.0061
473,54437.0,118496.5997,173815.3793,Florida,95537.9585,346748.97900000005
474,128678.0,129460.8488,317063.5916,New York,158961.4042,575202.4404
475,36374.0,115828.9736,138962.7715,Florida,80106.89347000001,291165.7451
476,91354.0,123948.6704,245046.8317,New York,127075.83300000001,460349.50210000004
477,159026.0,133942.7797,375620.1405,Florida,184887.4387,668588.9202
478,21362.0,113611.9331,109997.0765,New York,67282.27141,244971.0096
479,33021.0,115333.7873,132493.1489,California,77242.4545,280847.9362
480,135411.0,130455.2089,330054.9335,Florida,164713.348,595921.1424
481,41996.0,116659.2562,149810.4359,California,84909.71956,308465.6921
482,129894.0,129640.4332,319409.8669,New York,160000.2225,578944.3001
483,29076.0,114751.1717,124881.2606,Florida,73872.27504,268708.4323
484,60970.0,119461.4229,186420.8207,California,101119.04400000001,366852.24360000005
485,68150.0,120521.79800000001,200274.6503,New York,107252.8561,388946.44830000005
486,79611.0,122214.4107,222388.6811,California,117043.8895,424214.0918
487,125073.0,128928.446,310107.7342,California,155881.6838,564109.1802000001
488,108627.0,126499.6258,278375.1323,Florida,141832.0079,513501.7581
489,38547.0,116149.8921,143155.5809,California,81963.26862,297852.473
490,109403.0,126614.229,279872.4264,New York,142494.938,515889.6554
491,110385.0,126759.2552,281767.1981,California,143333.8521,518911.4533
492,27445.0,114510.2982,121734.2416,New York,72478.92582,263689.5398
493,99603.0,125166.9203,260963.2997,Florida,134122.8826,485733.22
494,10372.0,111988.8798,88791.8415,California,57893.60924,211152.72129999998
495,146341.0,132069.4011,351144.3983,New York,174050.7527,629554.7994
496,20181.0,113437.5176,107718.3338,California,66273.3533,241336.8514
497,105465.0,126032.6472,272274.0447,California,139130.7386,503771.69190000003
498,58528.0,119100.7772,181708.975,Florida,99032.8645,359337.7522
499,107739.0,126368.4819,276661.7339,New York,141073.3972,510769.2158
500,125610.0,129007.7526,311143.8772,Florida,156340.4382,565761.6298
501,45698.0,117205.9844,156953.455,New York,88072.30621,319857.43940000003
502,90555.0,123830.6705,243505.15899999999,California,126393.2542,457890.8295
503,19468.0,113332.2185,106342.5983,Florida,65664.24355,239142.81680000003
504,100506.0,125300.2795,262705.6406,New York,134894.3077,488511.9201
505,72494.0,121163.3397,208656.4101,California,110963.8978,402313.7498
506,63372.0,119816.1612,191055.4862,Florida,103171.0519,374243.6474
507,41878.0,116641.8294,149582.7545,California,84808.91317,308102.58389999997
508,105962.0,126106.0464,273233.0075,Florida,139555.3214,505301.0539
509,23028.0,113857.9755,113211.6281,California,68705.52083,250097.6036
510,55229.0,118613.5659,175343.5455,Florida,96214.55727,349186.1114
511,57839.0,118999.0226,180379.5476,New York,98444.25774,357217.57019999996
512,112421.0,127059.94099999999,285695.6657,California,145073.1894,525176.6067
513,104830.0,125938.8675,271048.8105,New York,138588.2636,501817.678
514,105004.0,125964.5646,271384.5439,Florida,138736.9103,502353.1085
515,33474.0,115400.6884,133367.2136,New York,77629.44849,282241.902
516,101381.0,125429.5035,264393.9555,California,135641.8126,491204.459
517,49895.0,117825.8165,165051.5779,New York,91657.76709,332772.3944
518,140901.0,131265.9971,340647.9035,Florida,169403.4076,612814.9006
519,99011.0,125079.4911,259821.0341,Florida,133617.1421,483911.5252
520,25140.0,114169.8853,117286.7378,New York,70509.78421,256596.6231
521,88069.0,123463.5267,238708.4152,California,124269.4859,450240.9419
522,5954.0,111336.4094,80267.29844,Florida,54119.34996,197557.70784
523,146657.0,132116.0694,351754.1212,New York,174320.7087,630527.1906000001
524,120300.0,128223.5476,300898.2177,Florida,151804.1511,549421.7653
525,153919.0,133188.5546,365766.17,New York,180524.5727,652873.7246000001
526,6952.0,111483.7986,82192.94216,Florida,54971.93275,200628.74076000002
527,24538.0,114080.9792,116125.1772,New York,69995.5008,254744.1564
528,33718.0,115436.7234,133838.0123,California,77837.89559,282992.7357
529,60311.0,119364.0988,185149.2784,Florida,100556.06599999999,364824.3772
530,158104.0,133806.6145,373841.1389,California,184099.7821,665751.7534
531,120265.0,128218.3786,300830.6851,New York,151774.2509,549314.0637
532,122843.0,128599.1094,305804.9431,Florida,153976.614,557247.0525
533,156926.0,133632.6421,371568.1847,California,183093.4268,662126.8267999999
534,50112.0,117857.864,165470.28,New York,91843.14832000001,333440.144
535,12068.0,112239.3528,92064.27812999999,California,59342.48741,216371.63092999998
536,78098.0,121990.964,219469.3435,California,115751.3466,419558.3075
537,69762.0,120759.8655,203385.0087,Florida,108629.9738,393906.8742
538,156672.0,133595.1302,371078.091,California,182876.4368,661345.2212
539,110066.0,126712.1438,281151.6868,New York,143061.3332,517929.83060000004
540,149352.0,132514.0793,356954.131,California,176623.02399999998,638820.2102999999
541,123926.0,128759.0518,307894.5946,New York,154901.8116,560579.6464
542,155584.0,133434.4494,368978.7921,Florida,181946.9678,657997.2415
543,59551.0,119251.8585,183682.8563,California,99906.80457000001,362485.7148
544,32892.0,115314.73599999999,132244.24300000002,New York,77132.25091,280450.979
545,148355.0,132366.8378,355030.4168,California,175771.2955,635752.2546
546,34087.0,115491.219,134549.9988,New York,78153.1291,284128.2178
547,9153.0,111808.8523,86439.77767000001,California,56852.22806,207401.62997
548,141090.0,131293.9095,341012.5795,Florida,169564.8687,613396.4890000001
549,30917.0,115023.05900000001,128433.4751,New York,75445.02546,274373.5341
550,116032.0,127593.2299,292663.1,Florida,148158.0355,536288.3299
551,111403.0,126909.5981,283731.4319,New York,144203.5207,522044.03
552,109089.0,126567.856,279266.5626,California,142226.6905,514923.4186
553,147916.0,132302.0043,354183.3651,Florida,175396.2616,634401.3694
554,80883.0,122402.2655,224843.0086,New York,118130.5481,428128.2741
555,69933.0,120785.1196,203714.9537,California,108776.0576,394433.07330000005
556,68302.0,120544.2461,200567.9347,Florida,107382.7084,389414.1808
557,83794.0,122832.1752,230459.79100000003,California,120617.3903,437085.9662
558,118649.0,127979.7204,297712.6087,Florida,150393.716,544341.3291
559,66766.0,120317.4026,197604.2185,California,106070.5168,384687.6211
560,130880.0,129786.0502,321312.3566,Florida,160842.5538,581978.4068
561,114090.0,127306.4265,288916.0057,New York,146499.0017,530312.4321999999
562,56983.0,118872.6046,178727.8933,California,97712.98432999999,354583.4979
563,90073.0,123759.4865,242575.1387,New York,125981.4858,456407.6252
564,26750.0,114407.6574,120393.2372,Florida,71885.19331,261550.8946
565,94859.0,124466.3048,251809.7387,New York,130070.1243,471135.04349999997
566,64520.0,119985.7031,193270.5554,California,104151.7784,377776.2585
567,66882.0,120334.534,197828.0408,New York,106169.6146,385044.57479999994
568,114904.0,127426.6417,290486.62100000004,Florida,147194.3948,532817.2627000001
569,108270.0,126446.9024,277686.2998,Florida,141527.0259,512403.2022
570,76026.0,121684.9616,215471.4138,New York,113981.2549,413182.3754
571,158668.0,133889.9086,374929.3785,California,184581.6024,667487.2871
572,5885.0,111326.2192,80134.16275,Florida,54060.403860000006,197345.38195
573,32007.0,115184.0351,130536.6331,New York,76376.20305,277727.66819999996
574,58843.0,119147.2979,182316.7684,Florida,99301.96628,360307.0663
575,57863.0,119002.567,180425.8557,New York,98464.76074,357291.4227
576,146290.0,132061.8692,351045.9937,Florida,174007.1838,629397.8629
577,92831.0,124166.8005,247896.7072,New York,128337.6214,464894.5077
578,149026.0,132465.9341,356325.1131,California,176344.525,637817.0472
579,68638.0,120593.8681,201216.2476,Florida,107669.7503,390448.1157
580,48519.0,117622.6025,162396.5822,California,90482.26217,328538.1847
581,35910.0,115760.448,138067.4822,New York,79710.50227000001,289737.9302
582,41614.0,116602.8407,149073.3658,Florida,84583.38025,307290.2065
583,137713.0,130795.1787,334496.6487,California,166679.9267,603004.8274000001
584,29287.0,114782.3332,125288.3857,New York,74052.53052,269357.7189
585,94648.0,124435.1434,251402.6136,California,129889.8688,470485.757
586,41578.0,116597.524,149003.9037,California,84552.62576,307179.4277
587,96008.0,124635.9944,254026.7374,Florida,131051.7051,474670.7318
588,78630.0,122069.5322,220495.8389,California,116205.8296,421195.3711
589,19242.0,113298.8418,105906.5307,New York,65471.1737,238447.3725
590,92507.0,124118.9507,247271.5483,California,128060.83099999999,463897.49899999995
591,92171.0,124069.3287,246623.2354,New York,127773.7891,462863.5641
592,70074.0,120805.9431,203987.0135,Florida,108896.5127,394866.95660000003
593,149598.0,132550.4097,357428.7887,California,176833.1797,639577.1983999999
594,6975.0,111487.1954,82237.32072999999,New York,54991.58145,200699.51613
595,155563.0,133431.3481,368938.2725,California,181929.0277,657932.6206
596,63024.0,119764.76699999999,190384.0193,California,102873.7585,373172.78630000004
597,9960.0,111928.0338,87996.88638,Florida,57541.6412,209884.92018000002
598,19291.0,113306.0783,106001.0764,New York,65513.03397999999,238598.1547
599,132449.0,130017.7672,324339.7464,Florida,162182.9369,586806.5136
600,3089.0,110913.2932,74739.27311000001,New York,51671.80519,188741.56631000002
601,104168.0,125841.1003,269771.4796,California,138022.7227,499780.5799
602,153606.0,133142.3294,365162.2357,Florida,180257.1795,651910.5651
603,13316.0,112423.6631,94472.29754,New York,60408.643039999995,220211.96064
604,151611.0,132847.6987,361312.8777,California,178552.8682,645771.5764
605,155716.0,133453.9438,369233.4864,Florida,182059.7343,658403.4302000001
606,76520.0,121757.9178,216424.5881,California,114403.2748,414702.5059
607,42221.0,116692.4852,150244.574,Florida,85101.93511,309158.0592
608,126483.0,129136.6812,312828.3331,California,157086.2346,568448.0142999999
609,118217.0,127915.9207,296879.0635,Florida,150024.6621,543011.9842000001
610,91556.0,123978.5027,245436.5912,New York,127248.3999,460971.0939
611,123093.0,128636.0305,306287.3188,California,154190.1869,558016.3493
612,90163.0,123772.7781,242748.7939,New York,126058.37199999999,456684.572
613,104391.0,125874.034,270201.7588,Florida,138213.2296,500466.7928
614,61243.0,119501.7408,186947.5749,New York,101352.2656,367692.31570000004
615,60782.0,119433.6582,186058.0742,California,100958.4372,366273.7324
616,16787.0,112936.2762,101169.6015,New York,63373.88839,230892.8777
617,152746.0,133015.3207,363502.8633,Florida,179522.4889,649264.1840000001
618,159000.0,133938.9399,375569.9734,Florida,184865.2271,668508.9133
619,62726.0,119720.757,189809.0275,New York,102619.1797,372255.78449999995
620,148420.0,132376.4373,355155.8345,California,175826.8244,635952.2718
621,135886.0,130525.3591,330971.4473,Florida,165119.1364,597382.8064
622,99774.0,125192.1744,261293.2446,New York,134268.9664,486259.419
623,14367.0,112578.8796,96500.20491,Florida,61306.50327000001,223446.08451000002
624,136326.0,130590.3403,331820.4285,New York,165495.0246,598736.7688
625,33519.0,115407.3342,133454.0412,Florida,77667.8916,282380.3754
626,122931.0,128612.1056,305974.7394,New York,154051.7917,557517.845
627,73289.0,121280.74900000001,210190.3648,California,111643.0594,404760.11380000005
628,67289.0,120394.6416,198613.3484,Florida,106517.3112,386296.99
629,22876.0,113835.5275,112918.3436,California,68575.66854,249629.8711
630,125112.0,128934.2057,310182.9848,New York,155915.0011,564229.1905
631,88568.0,123537.2213,239671.237,Florida,124695.7773,451776.4583
632,144841.0,131847.8743,348250.1442,California,172769.3156,624939.0185
633,159238.0,133974.0888,376029.195,New York,185068.5485,669241.2838000001
634,127074.0,129223.9628,313968.6692,California,157591.1208,570266.632
635,67697.0,120454.8969,199400.5855,California,106865.8621,387552.4824
636,65307.0,120101.9308,194789.074,Florida,104824.1057,380198.0048
637,84231.0,122896.7134,231302.9837,California,120990.7156,438430.6971
638,8882.0,111768.8298,85916.88243,New York,56620.7151,206567.71223
639,129441.0,129573.5321,318535.8022,California,159613.2285,577550.3343
640,148278.0,132355.4661,354881.8451,New York,175705.515,635515.3111999999
641,58228.0,119056.4719,181130.1242,Florida,98776.57708999999,358414.59609999997
642,136903.0,130675.5543,332933.7515,California,165987.9507,600512.3058
643,4187.0,111075.4508,76857.86711,New York,52609.81711,192120.31791
644,80546.0,122352.4958,224192.7661,California,117842.6519,427091.26190000004
645,36302.0,115818.3403,138823.8473,New York,80045.38449,290944.18759999995
646,36327.0,115822.0324,138872.0849,California,80066.74177000001,291021.1173
647,103813.0,125788.6723,269086.5062,Florida,137719.4492,498688.17850000004
648,117577.0,127821.4025,295644.1818,New York,149477.9157,541042.5843
649,154222.0,133233.3031,366350.8093,Florida,180783.423,653806.1124
650,63645.0,119856.4791,191582.2405,New York,103404.2734,375083.7196
651,45968.0,117245.8592,157474.4207,California,88302.96488,320688.27989999996
652,60822.0,119439.5656,186135.2543,Florida,100992.6089,366396.8199
653,107750.0,126370.1064,276682.9584,New York,141082.7944,510803.0648
654,109510.0,126630.0312,280078.8832,California,142586.3472,516218.9144
655,147647.0,132262.2771,353664.3289,Florida,175166.4572,633573.606
656,9316.0,111832.9249,86754.28662,California,56991.47755,207903.21152
657,70319.0,120842.1258,204459.7417,Florida,109105.8141,395620.8675
658,138525.0,130915.0986,336063.405,California,167373.6113,605503.5036
659,122434.0,128538.7064,305015.7765,Florida,153627.2089,555988.4829
660,91086.0,123909.091,244529.7249,New York,126846.883,459524.81590000005
661,32205.0,115213.2767,130918.6746,California,76545.35274,278336.95129999996
662,18989.0,113261.4776,105418.3665,New York,65255.037979999994,237668.8441
663,143683.0,131676.8555,346015.7801,Florida,171780.0462,621375.6355999999
664,81836.0,122543.0089,226681.8247,New York,118944.6878,431060.8336
665,139592.0,131072.678,338122.1844,California,168285.1402,608786.8624
666,54073.0,118442.8425,173113.0403,New York,95226.99644,345628.8828
667,11977.0,112225.9135,91888.69339,Florida,59264.746889999995,216091.60689
668,133956.0,130240.3279,327247.507,Florida,163470.354,591443.8349
669,133110.0,130115.3867,325615.1477,New York,162747.6235,588840.5344
670,9063.0,111795.5607,86266.12242999999,California,56775.34184,207124.68313
671,36025.0,115777.4317,138289.3751,Florida,79808.74578,290091.8068
672,40178.0,116390.7656,146302.5999,New York,83356.61783999999,302871.36549999996
673,29814.0,114860.1629,126305.2336,Florida,74502.74207000001,270979.39650000003
674,113466.0,127214.2713,287711.99600000004,New York,145965.9238,528392.2673000001
675,12585.0,112315.7057,93061.83105,Florida,59784.156039999994,217962.53675
676,99265.0,125117.00300000001,260311.1278,New York,133834.1321,484693.13080000004
677,26554.0,114378.7113,120015.0547,California,71717.75221,260947.766
678,49642.0,117788.4523,164563.4137,Florida,91441.63137999999,331993.86600000004
679,135489.0,130466.7283,330205.4347,California,164779.9827,596161.163
680,57784.0,118990.8999,180273.425,New York,98397.27172,357048.3249
681,50884.0,117971.8765,166959.8561,Florida,92502.66126000001,335815.7326
682,102170.0,125546.0266,265916.3332,California,136315.8485,493632.3598
683,36011.0,115775.3641,138262.362,New York,79796.7857,290048.72609999997
684,112108.0,127013.7157,285091.7313,California,144805.7962,524213.447
685,52981.0,118281.571,171006.0234,California,94294.11026,342268.5944
686,60350.0,119369.8585,185224.52899999998,Florida,100589.3834,364944.38749999995
687,38385.0,116125.9672,142843.0015,California,81824.87341,297353.9687
688,18632.0,113208.7542,104729.5341,New York,64950.055960000005,236570.28830000001
689,75431.0,121597.0893,214323.3597,California,113472.9515,411351.449
690,79191.0,122152.3832,221578.2899,New York,116685.0871,422921.6731
691,76485.0,121752.7488,216357.0555,Florida,114373.3746,414594.80429999996
692,58814.0,119143.015,182260.8128,California,99277.19183,360217.8278
693,71364.0,120996.4562,206476.0721,New York,109998.5485,398836.5283
694,88650.0,123549.3314,239829.4563,California,124765.8292,452028.7877
695,133587.0,130185.8323,326535.5205,California,163155.1205,590308.3528
696,112125.0,127016.2263,285124.5329,Florida,144820.3191,524265.7592
697,106384.0,126168.3693,274047.2577,New York,139915.8323,506599.62700000004
698,1681.0,110705.3533,72022.53327,Florida,50468.96294,184408.88657
699,50720.0,117947.6562,166643.4177,New York,92362.55747999999,335311.07389999996
700,128215.0,129392.4708,316170.2318,California,158565.8673,573777.7026
701,35274.0,115666.5206,136840.3185,Florida,79167.17296,287780.8391
702,64229.0,119942.7269,192709.0701,New York,103903.1796,376880.797
703,57750.0,118985.8787,180207.8219,California,98368.22581,356943.7006
704,155883.0,133478.6071,369555.7134,Florida,182202.4009,658917.3205
705,24815.0,114121.8878,116659.6494,California,70232.13951000001,255596.5372
706,5210.0,111226.5321,78831.74841,Florida,53483.75718,195268.28051
707,83476.0,122785.2115,229846.2091,California,120345.7256,436107.4206
708,110481.0,126773.4329,281952.4304,Florida,143415.8641,519206.8633
709,9079.0,111797.9237,86296.99447,New York,56789.0105,207173.91817000002
710,72359.0,121143.4023,208395.9273,California,110848.5685,401898.32960000006
711,111501.0,126924.0712,283920.5232,New York,144287.2413,522345.5944
712,48082.0,117558.0644,161553.3895,Florida,90108.93684,327193.45389999996
713,42770.0,116773.564,151303.87099999998,New York,85570.94107999999,310847.435
714,58265.0,119061.9362,181201.5158,California,98808.18587,358528.452
715,15132.0,112691.8583,97976.2745,New York,61960.03617000001,225800.13280000002
716,92114.0,124060.9107,246513.2537,Florida,127725.0945,462688.1644
717,24874.0,114130.6012,116773.4901,Florida,70282.5427,255778.0913
718,129228.0,129542.0753,318124.8181,New York,159431.2644,576894.8934
719,2296.0,110796.1793,73209.17745,California,50994.35213,186301.35675
720,40501.0,116438.4678,146925.8293,Florida,83632.55396,303865.29709999997
721,46177.0,117276.7253,157877.6868,New York,88481.51178,321331.41209999996
722,139729.0,131092.9108,338386.5263,Florida,168402.1781,609208.4371
723,45282.0,117144.5476,156150.7818,New York,87716.921,318577.3294
724,145719.0,131977.5413,349944.2476,Florida,173519.3834,627640.7889
725,150394.0,132667.9666,358964.6729,New York,177513.1956,642026.6395
726,154778.0,133315.4157,367423.6129,California,181258.40899999999,655517.0286000001
727,82971.0,122710.6308,228871.8103,Florida,119914.3085,434553.4411
728,120814.0,128299.4574,301889.9821,California,152243.2568,551003.4395000001
729,109821.0,126675.9611,280678.9586,New York,142852.0318,517175.9197
730,149129.0,132481.1456,356523.8519,Florida,176432.517,638133.9975
731,135073.0,130405.2915,329402.7615,California,164424.5975,594881.0530000001
732,9628.0,111879.0025,87356.29147000001,New York,57258.01646,208863.29397
733,150311.0,132655.7088,358804.5242,California,177442.2894,641771.233
734,117241.0,127771.7805,294995.8688,California,149190.8738,540008.6492999999
735,95584.0,124573.3761,253208.6282,Florida,130689.4855,473366.00430000003
736,69018.0,120649.9882,201949.4587,California,107994.381,391617.4469
737,72838.0,121214.1432,209320.1591,New York,111257.774,403372.3023
738,87391.0,123363.3966,237400.2123,California,123690.2763,448154.6089
739,133567.0,130182.8786,326496.9304,New York,163138.0347,590246.809
740,49559.0,117776.1945,164403.265,Florida,91370.72519,331738.4595
741,137973.0,130833.5767,334998.3195,California,166902.0425,603804.8962
742,7736.0,111599.5833,83705.6723,New York,55641.69719,203041.2556
743,10707.0,112038.3541,89438.22492000001,California,58179.79685,212183.57902
744,125850.0,129043.1969,311606.9579,New York,156545.4682,566500.1547999999
745,65352.0,120108.5766,194875.9016,California,104862.5488,380336.4782
746,154992.0,133347.0202,367836.5264,Florida,181441.2273,656175.5466
747,135611.0,130484.7458,330440.834,New York,164884.2062,596536.5798
748,98169.0,124955.1407,258196.3928,Florida,132897.8287,481320.5335
749,38099.0,116083.7295,142291.1637,New York,81580.54608,296473.89320000005
750,91798.0,124014.2424,245903.5309,California,127455.1384,461715.7733
751,78442.0,122041.7675,220133.0924,Florida,116045.2229,420616.85990000004
752,131802.0,129922.2153,323091.3581,New York,161630.2104,584815.5734
753,107178.0,126285.6308,275579.2829,California,140594.1397,509042.9137
754,2626.0,110844.9152,73845.91335,Florida,51276.268280000004,187316.82855
755,84533.0,122941.3141,231885.6935,California,121248.7116,439360.0076
756,19707.0,113367.5151,106803.7495,Florida,65868.41919,239878.26460000002
757,13123.0,112395.16,94099.90352,California,60243.7648,219618.06352000003
758,3797.0,111017.8538,76105.36105,Florida,52276.64348,190920.21485
759,132703.0,130055.2791,324829.8401,New York,162399.9269,587588.1192
760,22449.0,113772.4662,112094.446,California,68210.88613,248315.9122
761,83026.0,122718.7535,228977.9329,New York,119961.2945,434722.6864
762,27654.0,114541.1643,122137.5077,Florida,72657.47271,264332.672
763,156793.0,133613.0001,371311.5609,New York,182979.8061,661717.561
764,73771.0,121351.9329,211120.3851,California,112054.8279,406243.318
765,29469.0,114809.2117,125639.5552,New York,74208.01155,269917.7669
766,134963.0,130389.0462,329190.5162,Florida,164330.6254,594542.5623999999
767,146580.0,132104.6977,351605.5495,Florida,174254.9283,630290.2472000001
768,82465.0,122635.9024,227895.4819,New York,119482.037,432996.38430000003
769,80306.0,122317.0515,223729.6855,California,117637.62199999999,426352.73699999996
770,130189.0,129684.0001,319979.0702,Florida,160252.2384,579852.0703
771,120735.0,128287.7904,301737.5514,New York,152175.7678,550760.3418
772,67191.0,120380.1685,198424.2572,Florida,106433.5906,385995.4257
773,83593.0,122802.4906,230071.961,New York,120445.6777,436467.45160000003
774,108131.0,126426.3742,277418.099,Florida,141408.2794,511975.4732
775,3574.0,110984.9202,75675.08194,New York,52086.1365,190234.00214
776,98311.0,124976.1119,258470.3821,California,133019.1381,481757.494
777,145072.0,131881.9894,348695.8593,Florida,172966.6569,625649.8487
778,133439.0,130163.975,326249.9541,California,163028.6854,589852.9291
779,70521.0,120871.9581,204849.5013,New York,109278.3809,396242.4594
780,111317.0,126896.8972,283565.4947,Florida,144130.0517,521779.3919
781,106821.0,126232.9075,274890.4504,California,140289.1577,507944.35789999994
782,107973.0,126403.0401,277113.2375,New York,141273.3013,511489.2776
783,10488.0,112006.0112,89015.66382,California,57992.70704,211509.67502
784,90061.0,123757.7143,242551.9846,California,125971.2343,456370.69889999996
785,83918.0,122850.4881,230699.0493,Florida,120723.3224,437467.53740000003
786,93580.0,124277.4163,249341.9047,California,128977.4856,467199.321
787,18947.0,113255.2749,105337.3274,New York,65219.15775,237539.60230000003
788,60133.0,119337.8109,184805.8269,California,100404.0021,364276.63779999997
789,150860.0,132736.7876,359863.8212,New York,177911.2954,643460.6088
790,103957.0,125809.9389,269364.3546,Florida,137842.4672,499131.2935
791,92330.0,124092.8106,246930.0263,California,127909.6214,463352.8369
792,123073.0,128633.0769,306248.7288,New York,154173.101,557954.8056999999
793,142001.0,131428.4501,342770.3565,California,170343.1281,616199.8066
794,12564.0,112312.6043,93021.31149,California,59766.21593,217897.91579
795,48789.0,117662.4774,162917.5479,Florida,90712.92083999999,329369.0253
796,51795.0,118106.4171,168717.6331,New York,93280.9207,338619.05020000006
797,44496.0,117028.4676,154634.1927,Florida,87045.44798,316158.6603
798,35278.0,115667.1113,136848.0365,New York,79170.59013,287793.1478
799,155044.0,133354.6998,367936.8606,California,181485.6505,656335.5604000001
800,146775.0,132133.4962,351981.8025,Florida,174421.5151,630890.2986999999
801,17432.0,113031.5328,102414.1308,New York,63924.90632,232877.6636
802,107612.0,126349.7259,276416.687,California,140964.9022,510378.4129
803,7214.0,111522.492,82698.47188,Florida,55195.75709,201434.96388
804,107501.0,126333.33300000001,276202.5122,California,140870.0758,510036.8452
805,141301.0,131325.0709,341419.7045,Florida,169745.1241,614045.7753999999
806,40281.0,116405.9772,146501.3387,California,83444.60985,303188.3159
807,159196.0,133967.886,375948.1559,Florida,185032.6682,669112.0419000001
808,139547.0,131066.0322,338035.3568,New York,168246.6971,608648.389
809,125783.0,129033.302,311477.6812,California,156488.2307,566293.9832
810,121583.0,128413.0269,303373.7697,New York,152900.2069,553369.7966
811,138546.0,130918.2,336103.9245,Florida,167391.5514,605568.1245
812,133671.0,130198.2378,326697.5987,New York,163226.881,590566.8365
813,95277.0,124528.037,252616.2709,California,130427.2181,472421.3079
814,44700.0,117058.5952,155027.8112,New York,87219.72342000001,316786.4064
815,89471.0,123670.5804,241413.578,Florida,125467.2024,454555.1584
816,146162.0,132042.9656,350799.0173,Florida,173897.8345,629003.9829
817,109909.0,126688.9574,280848.7548,New York,142927.2094,517446.7122
818,31984.0,115180.6384,130492.2545,California,76356.55435,277656.8929
819,127797.0,129330.7387,315363.6997,Florida,158208.7735,572491.4384
820,21890.0,113689.9105,111015.854,New York,67733.33725,246595.7645
821,56547.0,118808.2141,177886.6301,Florida,97340.51329,353241.8442
822,142143.0,131449.4213,343044.3458,New York,170464.4375,616636.7671
823,83936.0,122853.1464,230733.7804,Florida,120738.6997,437522.9268
824,117801.0,127854.4839,296076.3904,New York,149669.2769,541731.8743
825,35679.0,115726.3328,137621.7671,California,79513.16096000001,289027.09990000003
826,139429.0,131048.6054,337807.6754,Florida,168145.8907,608285.2808000001
827,142144.0,131449.56900000002,343046.2753,California,170465.2918,616639.8443
828,89706.0,123705.2863,241867.0112,New York,125667.9609,455278.2975
829,17219.0,113000.0759,102003.1467,Florida,63742.94226,232222.22259999998
830,129179.0,129534.8387,318030.2724,California,159389.4041,576744.1111
831,27903.0,114577.9377,122617.9539,New York,72870.19126,265098.8916
832,88429.0,123516.6931,239403.0362,California,124577.0308,451348.7293
833,149794.0,132579.3559,357806.9712,California,177000.6208,640180.3271
834,137595.0,130777.752,334268.9674,Florida,166579.1203,602641.7194000001
835,110391.0,126760.1413,281778.7751,California,143338.9779,518929.91640000005
836,141217.0,131312.6654,341257.6263,New York,169673.3637,613787.2917
837,29605.0,114829.2968,125901.9675,California,74324.19518,270336.26430000004
838,158771.0,133905.1201,375128.1173,New York,184669.5944,667804.2374
839,101859.0,125500.0967,265316.2578,Florida,136050.1639,492675.3545
840,158592.0,133878.6846,374782.7363,California,184516.6762,667253.4209
841,53884.0,118414.9302,172748.3643,New York,95065.53537,345047.29449999996
842,142240.0,131463.7467,343231.5076,California,170547.3037,616935.2543
843,113736.0,127254.1462,288232.9618,New York,146196.5825,529223.108
844,70598.0,120883.3298,204998.073,California,109344.1613,396479.40280000004
845,118793.0,128000.987,297990.4571,Florida,150516.734,544784.4441
846,7888.0,111622.0314,83998.95672,New York,55771.549479999994,203508.98812
847,45710.0,117207.7566,156976.609,Florida,88082.55771000001,319894.3656
848,71222.0,120975.485,206202.0827,New York,109877.2392,398399.5677
849,159477.0,134009.3854,376490.3462,California,185272.7241,669976.7316
850,46307.0,117295.9243,158128.5221,Florida,88592.56966000001,321731.4464
851,44151.0,116977.5164,153968.5142,New York,86750.71746,315097.0306
852,58725.0,119129.8711,182089.087,California,99201.1599,359943.9581
853,57267.0,118914.54699999999,179275.8721,Florida,97955.60308,355457.4191
854,135390.0,130452.1075,330014.4139,California,164695.4079,595856.5214
855,145733.0,131979.6089,349971.2607,Florida,173531.3435,627683.8696
856,71791.0,121059.5175,207299.9697,California,110363.33099999999,400150.4872
857,111381.0,126906.349,283688.9828,Florida,144184.7263,521976.3318
858,62904.0,119747.0449,190152.479,New York,102771.2435,372803.5239
859,45209.0,117133.7666,156009.9281,California,87654.55773,318352.6947
860,154595.0,133288.3894,367070.5139,New York,181102.0736,654953.9033
861,18651.0,113211.5602,104766.1946,Florida,64966.2875,236628.7548
862,153606.0,133142.3294,365162.2357,New York,180257.1795,651910.5651
863,107173.0,126284.8924,275569.6353,California,140589.8682,509027.52770000004
864,26618.0,114388.1631,120138.5429,New York,71772.42685,261144.706
865,33472.0,115400.39300000001,133363.3546,Florida,77627.73991,282235.7476
866,2638.0,110846.6874,73869.06738,Florida,51286.51978,187353.75478
867,37255.0,115959.0837,140662.6634,New York,80859.52417,293876.74710000004
868,43391.0,116865.2761,152502.0922,California,86101.45602,312758.36830000003
869,97670.0,124881.4461,257233.5709,Florida,132471.5373,479785.017
870,1634.0,110698.4122,71931.84664,New York,50428.811239999995,184264.25884000002
871,58986.0,119168.4168,182592.6873,Florida,99424.12995,360747.1041
872,56671.0,118826.52699999999,178125.8884,New York,97446.44542,353623.4154
873,105205.0,125994.2492,271772.374,Florida,138908.6228,502971.62320000003
874,116004.0,127589.0947,292609.07399999996,New York,148134.1153,536202.1687
875,128926.0,129497.4746,317542.1083,California,159173.2684,575965.5829
876,38859.0,116195.9697,143757.5858,Florida,82229.80752,298812.5555
877,60549.0,119399.2477,185608.5,California,100759.3874,365556.7477
878,75398.0,121592.2157,214259.6861,New York,113444.7599,411249.9018
879,15801.0,112790.6592,99267.11183,Florida,62531.557089999995,227858.77103
880,44574.0,117039.987,154784.6939,California,87112.08271,316398.68090000004
881,93601.0,124280.5176,249382.4243,New York,128995.4258,467263.94190000003
882,5404.0,111255.1829,79206.07194,California,53649.48971,195865.25484
883,64529.0,119987.0323,193287.9209,California,104159.46699999999,377803.9532
884,17495.0,113040.8369,102535.6895,Florida,63978.72667999999,233071.52639999997
885,138565.0,130921.006,336140.5851,California,167407.783,605626.5911000001
886,79095.0,122138.2055,221393.0577,New York,116603.0751,422626.2632
887,136431.0,130605.8471,332023.0262,California,165584.7252,599059.8733000001
888,46477.0,117321.0307,158456.5376,New York,88737.79918999999,322254.56830000004
889,121576.0,128411.9931,303360.2632,Florida,152894.2269,553348.2563
890,18421.0,113177.5928,104322.409,California,64769.800489999994,235921.00179999997
891,2682.0,110853.1856,73953.9655,New York,51324.1086,187489.15110000002
892,9405.0,111846.0688,86926.01236000001,California,57067.50947999999,208177.08116
893,20279.0,113451.9907,107907.4251,California,66357.07385,241638.4158
894,25990.0,114295.4172,118926.8152,Florida,71235.93187,259212.23239999998
895,137404.0,130749.5442,333900.4324,New York,166415.9507,602053.9765999999
896,9869.0,111914.5945,87821.30163,Florida,57463.90068,209604.89613
897,37191.0,115949.6319,140539.1752,New York,80804.84952,293679.8071
898,25600.0,114237.8202,118174.3091,California,70902.75824,258012.12930000003
899,129013.0,129510.3231,317709.975,Florida,159247.5918,576233.2981
900,74278.0,121426.80900000001,212098.643,New York,112487.9536,407803.45200000005
901,78694.0,122078.984,220619.3271,California,116260.5043,421392.3111
902,85315.0,123056.8034,233394.5647,Florida,121916.7675,441766.36809999996
903,131636.0,129897.6997,322771.0607,California,161488.39800000002,584304.7604
904,131599.0,129892.2354,322699.6691,Florida,161456.7893,584190.9045
905,148644.0,132409.5186,355588.0431,California,176018.1857,636641.5617
906,80987.0,122417.6247,225043.6768,Florida,118219.3944,428448.30149999994
907,100610.0,125315.6387,262906.3089,New York,134983.154,488831.9476
908,153748.0,133163.3006,365436.225,California,180378.4888,652347.5255999999
909,106158.0,126134.9926,273611.1901,New York,139722.7625,505904.1827
910,41374.0,116567.3964,148610.2852,Florida,84378.35032,306551.6816
911,152109.0,132921.2456,362273.7701,New York,178978.3053,647304.0157000001
912,57182.0,118901.9938,179111.8643,California,97882.98831,355195.85809999995
913,6906.0,111477.0051,82104.18504,New York,54932.63535,200487.19014
914,53981.0,118429.2556,172935.5261,Florida,95148.40164,345345.7817
915,66959.0,120345.9057,197976.6125,Florida,106235.395,385281.5182
916,64124.0,119927.22,192506.4723,New York,103813.479,376557.6923
917,100306.0,125270.7426,262319.7401,California,134723.4494,487896.4827
918,146708.0,132123.6013,351852.5258,Florida,174364.2776,630684.1270999999
919,39202.0,116246.6255,144419.4052,New York,82522.82946000001,299868.0307
920,19561.0,113345.9532,106522.0421,Florida,65743.69265,239428.9953
921,55658.0,118676.9226,176171.3022,New York,96581.04826,350506.22479999997
922,24723.0,114108.3008,116482.1352,Florida,70153.5447,255313.436
923,52176.0,118162.6849,169452.7737,New York,93606.40571,339791.4586
924,120402.0,128238.6114,301095.027,California,151891.2888,549735.6384
925,35429.0,115689.4117,137139.3914,Florida,79299.58812,288257.8031
926,40408.0,116424.7331,146746.3855,California,83553.10486,303579.11860000005
927,13599.0,112465.4579,95018.34682,New York,60650.40749,221082.80472000001
928,86851.0,123283.6469,236358.2809,Florida,123228.959,446492.9278
929,4037.0,111053.2981,76568.4417,California,52481.67341,191658.73979999998
930,131611.0,129894.0076,322722.8231,New York,161467.0408,584227.8307
931,68653.0,120596.0834,201245.1902,California,107682.5646,390494.2736
932,107094.0,126273.2253,275417.2046,California,140522.3792,508784.4299
933,62140.0,119634.2139,188678.3389,Florida,102118.5649,370452.5528
934,9494.0,111859.2128,87097.73811,California,57143.54142,208450.95091
935,128989.0,129506.7787,317663.6669,New York,159227.0888,576159.4456
936,134194.0,130275.4768,327706.7286,California,163673.6754,592176.2054
937,126960.0,129207.1267,313748.7059,New York,157493.7316,569915.8326
938,49855.0,117819.9091,164974.3978,Florida,91623.59544,332649.30689999997
939,127494.0,129285.9903,314779.0603,California,157949.9232,571559.0506
940,53778.0,118399.2756,172543.837,New York,94974.98049,344721.1126
941,116989.0,127734.564,294509.6342,California,148975.5923,539233.1982
942,128157.0,129383.9051,316058.3207,New York,158516.3184,573599.2258
943,72165.0,121114.7515,208021.6037,California,110682.8359,401301.3552
944,114314.0,127339.5078,289348.2144,Florida,146690.3629,531001.7222
945,11205.0,112111.901,90399.11727999999,New York,58605.23395,213716.01828
946,83554.0,122796.7309,229996.7104,Florida,120412.3603,436347.4413
947,131981.0,129948.6509,323436.7391,New York,161783.1286,585366.39
948,32137.0,115203.2341,130787.4684,California,76487.26092999999,278127.7025
949,54016.0,118434.4245,173003.0587,Florida,95178.30183,345453.4832
950,64613.0,119999.4378,193449.9991,New York,104231.2275,378062.4369
951,11624.0,112173.7809,91207.57892,California,58963.18204,215005.35982
952,31587.0,115122.0076,129726.2419,Florida,76017.40067999999,276435.24950000003
953,12608.0,112319.1025,93106.20961,California,59803.80475,218033.31211
954,94359.0,124392.4625,250844.9874,Florida,129642.9786,469596.4499
955,2307.0,110797.8039,73230.40198,California,51003.74933,186335.20588
956,33161.0,115354.4631,132763.2792,Florida,77362.05529,281278.7423
957,159746.0,134049.1125,377009.3824,New York,185502.5285,670804.4949
958,154187.0,133228.1341,366283.2767,California,180753.5228,653698.4108
959,144520.0,131800.4675,347630.7738,New York,172495.0881,623951.2413000001
960,106777.0,126226.4093,274805.5523,Florida,140251.5689,507808.9616
961,16459.0,112887.8357,100536.7246,New York,63093.68082,229883.5603
962,143258.0,131614.0896,345195.7414,California,171416.9724,620067.831
963,73490.0,121310.4336,210578.1949,New York,111814.772,405378.6285
964,87369.0,123360.1475,237357.7633,Florida,123671.4819,448086.9108
965,51353.0,118041.1406,167864.7929,Florida,92903.32391,337258.9335
966,66049.0,120211.5128,196220.765,New York,105457.9899,382481.27780000004
967,29723.0,114846.7236,126129.6488,California,74425.00156,270699.3724
968,146120.0,132036.7628,350717.9782,Florida,173861.9543,628874.741
969,15440.0,112737.3451,98570.56134,New York,62223.15791,226747.90644
970,13856.0,112503.4128,95514.22902,Florida,60869.96038,221873.64182000002
971,71829.0,121065.1295,207373.2908,New York,110395.79400000001,400267.4203
972,131154.0,129826.5157,321841.0403,Florida,161076.6296,582821.556
973,68679.0,120599.9232,201295.3572,New York,107704.7762,390574.28040000005
974,108056.0,126415.2979,277273.3863,California,141344.2075,511744.6842
975,140149.0,131154.9383,339196.9174,Florida,168760.9805,610500.8557
976,56850.0,118852.9626,178471.2694,California,97599.36357999999,354174.23199999996
977,47438.0,117462.9555,160310.7897,New York,89558.7732,325211.7452
978,58867.0,119150.8423,182363.0764,Florida,99322.46927,360380.91870000004
979,12914.0,112364.2939,93696.63743999999,California,60065.21791,218974.93134
980,62574.0,119698.3089,189515.7431,New York,102489.3274,371788.052
981,53106.0,118300.0316,171247.2112,California,94400.89669,342653.2428
982,123537.0,128701.6025,307144.018,California,154569.4922,559382.6205
983,48901.0,117679.01800000001,163133.6522,Florida,90808.60147000001,329713.67020000005
984,105143.0,125985.0928,271652.7448,California,138855.6568,502780.83759999997
985,63615.0,119852.0486,191524.3554,New York,103378.6447,374991.404
986,100405.0,125285.3634,262510.7609,California,134808.0242,488201.1243
987,41289.0,116554.8432,148446.2774,New York,84305.73556,306290.1206
988,39970.0,116360.0473,145901.2633,Florida,83178.92524,302231.31059999997
989,43532.0,116886.0996,152774.1521,Florida,86221.9111,313192.2517
990,136133.0,130561.8371,331448.0344,California,165330.1463,598142.8715
991,131106.0,129819.4269,321748.4242,New York,161035.6236,582673.8511000001
992,105127.0,125982.7298,271621.8728,Florida,138841.9881,502731.6026
993,46798.0,117368.4374,159075.908,California,89012.02672000001,323242.3454
994,97209.0,124813.3635,256344.0701,New York,132077.709,478366.4336
995,54135.0,118451.99900000001,173232.6695,California,95279.96251,345819.6685
996,134970.0,130390.08,329204.0228,California,164336.6055,594564.1028
997,100275.47,241926.31,227142.82,California,413956.48,569344.6000000001
998,128456.23,321652.14,281692.32,California,333962.19,731800.69
999,161181.72,270939.86,295442.17,New York,476485.43,727563.75
